[
  {
    "receivedAt": "2026-02-07T21:50:56.364Z",
    "timestamp": "2026-02-07T21:50:56.334Z",
    "source": "chatgpt",
    "url": "https://chatgpt.com/c/6987b0de-b88c-8327-92fb-a63fa9b4e6e8",
    "responseText": "jhhjj",
    "charCount": 5,
    "allResponsesCount": 6,
    "captureMode": "auto",
    "elementInfo": {
      "tagName": "DIV",
      "className": "min-h-8 text-message relative flex w-full flex-col items-end gap-2 text-start break-words whitespace",
      "dataAttrs": {
        "messageId": "156684cb-e475-4c73-a1fc-5520d39eb2f8",
        "authorRole": "user",
        "testId": null
      }
    }
  },
  {
    "receivedAt": "2026-02-07T21:51:02.862Z",
    "timestamp": "2026-02-07T21:51:02.731Z",
    "source": "chatgpt",
    "url": "https://chatgpt.com/c/6987b0de-b88c-8327-92fb-a63fa9b4e6e8",
    "responseText": "jhhjj",
    "allResponses": [
      "Klavye biraz dans etmiş gibi duruyor. Ne demek istiyordun, bir yazım hatası mı oldu yoksa başka bir şey mi göndermek istedin?",
      "Klavye biraz dans etmiş gibi duruyor. Ne demek istiyordun, bir yazım hatası mı oldu yoksa başka bir şey mi göndermek istedin?",
      "Şunu dedin:\njhhjj",
      "ChatGPT:\n\nKlavye biraz dans etmiş gibi duruyor. Ne demek istiyordun, bir yazım hatası mı oldu yoksa başka bir şey mi göndermek istedin?",
      "Klavye biraz dans etmiş gibi duruyor. Ne demek istiyordun, bir yazım hatası mı oldu yoksa başka bir şey mi göndermek istedin?",
      "jhhjj"
    ],
    "charCount": 5,
    "captureMode": "manual"
  },
  {
    "receivedAt": "2026-02-07T21:51:25.544Z",
    "timestamp": "2026-02-07T21:51:25.249Z",
    "source": "chatgpt",
    "url": "https://chatgpt.com/c/6987b0de-b88c-8327-92fb-a63fa9b4e6e8",
    "responseText": "sss",
    "charCount": 3,
    "allResponsesCount": 12,
    "captureMode": "auto",
    "elementInfo": {
      "tagName": "DIV",
      "className": "min-h-8 text-message relative flex w-full flex-col items-end gap-2 text-start break-words whitespace",
      "dataAttrs": {
        "messageId": "81236076-c97a-429e-af3f-cd771e22e6a2",
        "authorRole": "user",
        "testId": null
      }
    }
  },
  {
    "receivedAt": "2026-02-07T21:51:46.540Z",
    "timestamp": "2026-02-07T21:51:46.503Z",
    "source": "chatgpt",
    "url": "https://chatgpt.com/c/6987b0de-b88c-8327-92fb-a63fa9b4e6e8",
    "responseText": "s",
    "charCount": 1,
    "allResponsesCount": 19,
    "captureMode": "auto",
    "elementInfo": {
      "tagName": "DIV",
      "className": "min-h-8 text-message relative flex w-full flex-col items-end gap-2 text-start break-words whitespace",
      "dataAttrs": {
        "messageId": "c08fad50-d936-42e2-8bff-6039e2533972",
        "authorRole": "user",
        "testId": null
      }
    }
  },
  {
    "receivedAt": "2026-02-07T21:51:49.415Z",
    "timestamp": "2026-02-07T21:51:49.401Z",
    "source": "chatgpt",
    "url": "https://chatgpt.com/c/6987b0de-b88c-8327-92fb-a63fa9b4e6e8",
    "responseText": "s",
    "allResponses": [
      "Klavye biraz dans etmiş gibi duruyor. Ne demek istiyordun, bir yazım hatası mı oldu yoksa başka bir şey mi göndermek istedin?",
      "Bu da klavyenin ritim egzersizi gibi görünüyor. Mesaj yarım kalmış olabilir. İstersen ne sormak ya da ne konuşmak istediğini net bir cümleyle yaz; oradan hızla ve doğrudan konuya girelim.",
      "Tek harf bazen bütün bir niyetin gölgesi olur. Klavye testini geçtik, şimdi zihni açalım. Burada istersen bir çeviri yaparız, istersen bir kavramı söker takarız, istersen bir fikri bilim masasının üstüne yatırırız. Evren karmaşık, ama konuşarak sadeleşiyor. Yazmak istediğin şeyi net bir cümleye dök; ben de doğrudan özüne gireyim.",
      "Bu tek harf muhtemelen yanlışlıkla gitti. Klavye bazen evrenin rastgelelik deneyini yapıyor. Ne yazmak istemiştin? Buradan devam edelim; ister çeviri, ister açıklama, ister kısa bir fikir tartışması—hepsine hazırım.",
      "Klavye biraz dans etmiş gibi duruyor. Ne demek istiyordun, bir yazım hatası mı oldu yoksa başka bir şey mi göndermek istedin?",
      "Bu da klavyenin ritim egzersizi gibi görünüyor. Mesaj yarım kalmış olabilir. İstersen ne sormak ya da ne konuşmak istediğini net bir cümleyle yaz; oradan hızla ve doğrudan konuya girelim.",
      "Tek harf bazen bütün bir niyetin gölgesi olur. Klavye testini geçtik, şimdi zihni açalım. Burada istersen bir çeviri yaparız, istersen bir kavramı söker takarız, istersen bir fikri bilim masasının üstüne yatırırız. Evren karmaşık, ama konuşarak sadeleşiyor. Yazmak istediğin şeyi net bir cümleye dök; ben de doğrudan özüne gireyim.",
      "Bu tek harf muhtemelen yanlışlıkla gitti. Klavye bazen evrenin rastgelelik deneyini yapıyor. Ne yazmak istemiştin? Buradan devam edelim; ister çeviri, ister açıklama, ister kısa bir fikir tartışması—hepsine hazırım.",
      "Şunu dedin:\njhhjj",
      "ChatGPT:\n\nKlavye biraz dans etmiş gibi duruyor. Ne demek istiyordun, bir yazım hatası mı oldu yoksa başka bir şey mi göndermek istedin?",
      "Şunu dedin:\nsss",
      "ChatGPT:\n\nBu da klavyenin ritim egzersizi gibi görünüyor. Mesaj yarım kalmış olabilir. İstersen ne sormak ya da ne konuşmak istediğini net bir cümleyle yaz; oradan hızla ve doğrudan konuya girelim.",
      "Şunu dedin:\ns",
      "ChatGPT:\nChatGPT'nin yeni bir sürümüyle ilgili geri bildirimde bulunuyorsun.\nHangi yanıtı tercih ediyorsun? Yanıtların yüklenmesi biraz zaman alabilir.\nChatGPT\nYanıt 1\n\nTek harf bazen bütün bir niyetin gölgesi olur. Klavye testini geçtik, şimdi zihni açalım. Burada istersen bir çeviri yaparız, istersen bir kavramı söker takarız, istersen bir fikri bilim masasının üstüne yatırırız. Evren karmaşık, ama konuşarak sadeleşiyor. Yazmak istediğin şeyi net bir cümleye dök; ben de doğrudan özüne gireyim.\n\nBu yanıtı tercih ediyorum\nChatGPT\nYanıt 2\n\nBu tek harf muhtemelen yanlışlıkla gitti. Klavye bazen evrenin rastgelelik deneyini yapıyor. Ne yazmak istemiştin? Buradan devam edelim; ister çeviri, ister açıklama, ister kısa bir fikir tartışması—hepsine hazırım.\n\nBu yanıtı tercih ediyorum",
      "Klavye biraz dans etmiş gibi duruyor. Ne demek istiyordun, bir yazım hatası mı oldu yoksa başka bir şey mi göndermek istedin?",
      "Bu da klavyenin ritim egzersizi gibi görünüyor. Mesaj yarım kalmış olabilir. İstersen ne sormak ya da ne konuşmak istediğini net bir cümleyle yaz; oradan hızla ve doğrudan konuya girelim.",
      "jhhjj",
      "sss",
      "s"
    ],
    "charCount": 1,
    "captureMode": "manual"
  },
  {
    "receivedAt": "2026-02-07T21:52:01.104Z",
    "timestamp": "2026-02-07T21:52:01.064Z",
    "source": "chatgpt",
    "url": "https://chatgpt.com/c/6987b0de-b88c-8327-92fb-a63fa9b4e6e8",
    "responseText": "s",
    "charCount": 1,
    "allResponsesCount": 24,
    "captureMode": "auto",
    "elementInfo": {
      "tagName": "DIV",
      "className": "min-h-8 text-message relative flex w-full flex-col items-end gap-2 text-start break-words whitespace",
      "dataAttrs": {
        "messageId": "065cf3a6-9dfe-482e-8e3e-b5fa2ea38fba",
        "authorRole": "user",
        "testId": null
      }
    }
  },
  {
    "receivedAt": "2026-02-07T22:05:14.237Z",
    "timestamp": "2026-02-07T22:05:14.060Z",
    "source": "gemini",
    "url": "https://gemini.google.com/app?is_sa=1&is_sa=1&android-min-version=301356232&ios-min-version=322.0&campaign_id=bkws&utm_source=sem&utm_medium=paid-media&utm_campaign=bkws&pt=9008&mt=8&ct=p-growth-sem-bkws&gclsrc=aw.ds&gad_source=1&gad_campaignid=20108148196&gbraid=0AAAAApk5BhnpbPBpypyrYWyTn6FogHQ2n&gclid=CjwKCAiA64LLBhBhEiwA-Pxguy7gdy_bX5cwuXdVR_2sUDfy0Hl9QSMhMKMxGsqEVqghokKlaNXZUhoCCzkQAvD_BwE",
    "responseText": "Early Message, Ready to Chat  Gig Economy Platform Analizi ve Strateji  Paseon Projesi: İki Farklı Yol  Son Cümlenin Anlamı ve Açıklaması  Meta Reklam Kredisi Kodu Nedir  Meta Reklam Kredisi Kodu Nedir  Proje Tanımı ve Master Prompt Oluşturma  AI Bot Bypass ve API Proxy  Chrome Eklentisi: Scraping ve API Güvenliği  Dairy Queen $6 Menü Detayları  Pizza hutta bunun görselini bul large stuffed peperoni  Uber'dan Geleceğin Ulaşım Platformu  Bunalım ve Girişimcilik Baskısı Üzerine",
    "charCount": 480,
    "allResponsesCount": 1,
    "captureMode": "auto",
    "elementInfo": {
      "tagName": "DIV",
      "className": "conversations-container ng-tns-c2154623374-5 mobile ng-star-inserted",
      "dataAttrs": {
        "messageId": null,
        "authorRole": null,
        "testId": null
      }
    }
  },
  {
    "receivedAt": "2026-02-07T22:17:42.391Z",
    "timestamp": "2026-02-07T22:17:42.331Z",
    "source": "chatgpt",
    "url": "https://chatgpt.com/c/6987b0de-b88c-8327-92fb-a63fa9b4e6e8",
    "responseText": "s",
    "charCount": 1,
    "totalElements": 24,
    "captureMode": "auto",
    "elementInfo": {
      "tagName": "DIV",
      "className": "min-h-8 text-message relative flex w-full flex-col items-end gap-2 text-start break-words whitespace-normal [.text-messa"
    }
  },
  {
    "receivedAt": "2026-02-07T22:17:52.952Z",
    "timestamp": "2026-02-07T22:17:52.918Z",
    "source": "chatgpt",
    "url": "https://chatgpt.com/c/6987b0de-b88c-8327-92fb-a63fa9b4e6e8",
    "responseText": "s",
    "allResponses": [
      "Klavye biraz dans etmiş gibi duruyor. Ne demek istiyordun, bir yazım hatası mı oldu yoksa başka bir şey mi göndermek istedin?",
      "Bu da klavyenin ritim egzersizi gibi görünüyor. Mesaj yarım kalmış olabilir. İstersen ne sormak ya da ne konuşmak istediğini net bir cümleyle yaz; oradan hızla ve doğrudan konuya girelim.",
      "Bu tek harf muhtemelen yanlışlıkla gitti. Klavye bazen evrenin rastgelelik deneyini yapıyor. Ne yazmak istemiştin? Buradan devam edelim; ister çeviri, ister açıklama, ister kısa bir fikir tartışması—hepsine hazırım.",
      "Burada yine tek harf var; büyük ihtimalle yanlışlıkla gönderildi. Klavye bazen kozmik zar atıyor. Net bir cümle yaz, doğrudan konuya girelim: çeviri mi, açıklama mı, kısa bir fikir mi?",
      "Klavye biraz dans etmiş gibi duruyor. Ne demek istiyordun, bir yazım hatası mı oldu yoksa başka bir şey mi göndermek istedin?",
      "Bu da klavyenin ritim egzersizi gibi görünüyor. Mesaj yarım kalmış olabilir. İstersen ne sormak ya da ne konuşmak istediğini net bir cümleyle yaz; oradan hızla ve doğrudan konuya girelim.",
      "Bu tek harf muhtemelen yanlışlıkla gitti. Klavye bazen evrenin rastgelelik deneyini yapıyor. Ne yazmak istemiştin? Buradan devam edelim; ister çeviri, ister açıklama, ister kısa bir fikir tartışması—hepsine hazırım.",
      "Burada yine tek harf var; büyük ihtimalle yanlışlıkla gönderildi. Klavye bazen kozmik zar atıyor. Net bir cümle yaz, doğrudan konuya girelim: çeviri mi, açıklama mı, kısa bir fikir mi?",
      "Şunu dedin:\njhhjj",
      "ChatGPT:\n\nKlavye biraz dans etmiş gibi duruyor. Ne demek istiyordun, bir yazım hatası mı oldu yoksa başka bir şey mi göndermek istedin?",
      "Şunu dedin:\nsss",
      "ChatGPT:\n\nBu da klavyenin ritim egzersizi gibi görünüyor. Mesaj yarım kalmış olabilir. İstersen ne sormak ya da ne konuşmak istediğini net bir cümleyle yaz; oradan hızla ve doğrudan konuya girelim.",
      "Şunu dedin:\ns",
      "ChatGPT:\n\nBu tek harf muhtemelen yanlışlıkla gitti. Klavye bazen evrenin rastgelelik deneyini yapıyor. Ne yazmak istemiştin? Buradan devam edelim; ister çeviri, ister açıklama, ister kısa bir fikir tartışması—hepsine hazırım.\n\n2/2",
      "Şunu dedin:\ns",
      "ChatGPT:\n\nBurada yine tek harf var; büyük ihtimalle yanlışlıkla gönderildi. Klavye bazen kozmik zar atıyor. Net bir cümle yaz, doğrudan konuya girelim: çeviri mi, açıklama mı, kısa bir fikir mi?",
      "Klavye biraz dans etmiş gibi duruyor. Ne demek istiyordun, bir yazım hatası mı oldu yoksa başka bir şey mi göndermek istedin?",
      "Bu da klavyenin ritim egzersizi gibi görünüyor. Mesaj yarım kalmış olabilir. İstersen ne sormak ya da ne konuşmak istediğini net bir cümleyle yaz; oradan hızla ve doğrudan konuya girelim.",
      "Bu tek harf muhtemelen yanlışlıkla gitti. Klavye bazen evrenin rastgelelik deneyini yapıyor. Ne yazmak istemiştin? Buradan devam edelim; ister çeviri, ister açıklama, ister kısa bir fikir tartışması—hepsine hazırım.\n\n2/2",
      "Burada yine tek harf var; büyük ihtimalle yanlışlıkla gönderildi. Klavye bazen kozmik zar atıyor. Net bir cümle yaz, doğrudan konuya girelim: çeviri mi, açıklama mı, kısa bir fikir mi?",
      "jhhjj",
      "sss",
      "s",
      "s"
    ],
    "charCount": 1,
    "totalElements": 24,
    "captureMode": "manual"
  },
  {
    "receivedAt": "2026-02-07T22:18:01.236Z",
    "timestamp": "2026-02-07T22:18:01.224Z",
    "source": "chatgpt",
    "url": "https://chatgpt.com/c/6987b0de-b88c-8327-92fb-a63fa9b4e6e8",
    "responseText": "f",
    "charCount": 1,
    "totalElements": 29,
    "captureMode": "auto",
    "elementInfo": {
      "tagName": "DIV",
      "className": "min-h-8 text-message relative flex w-full flex-col items-end gap-2 text-start break-words whitespace-normal [.text-messa"
    }
  },
  {
    "receivedAt": "2026-02-07T22:18:14.496Z",
    "timestamp": "2026-02-07T22:18:14.461Z",
    "source": "chatgpt",
    "url": "https://chatgpt.com/c/6987b0de-b88c-8327-92fb-a63fa9b4e6e8",
    "responseText": "f",
    "allResponses": [
      "Klavye biraz dans etmiş gibi duruyor. Ne demek istiyordun, bir yazım hatası mı oldu yoksa başka bir şey mi göndermek istedin?",
      "Bu da klavyenin ritim egzersizi gibi görünüyor. Mesaj yarım kalmış olabilir. İstersen ne sormak ya da ne konuşmak istediğini net bir cümleyle yaz; oradan hızla ve doğrudan konuya girelim.",
      "Bu tek harf muhtemelen yanlışlıkla gitti. Klavye bazen evrenin rastgelelik deneyini yapıyor. Ne yazmak istemiştin? Buradan devam edelim; ister çeviri, ister açıklama, ister kısa bir fikir tartışması—hepsine hazırım.",
      "Burada yine tek harf var; büyük ihtimalle yanlışlıkla gönderildi. Klavye bazen kozmik zar atıyor. Net bir cümle yaz, doğrudan konuya girelim: çeviri mi, açıklama mı, kısa bir fikir mi?",
      "Klavye bugün minimalizm denemesi yapıyor. Tek harfler mesajı taşımaya yetmiyor; düşünceyi yakalayalım. Ne yazmak istediğini tek cümleyle yaz—çeviri, kısa bir açıklama, ya da bir fikir egzersizi olabilir. Buradan hızla ve net şekilde ilerleriz.",
      "Klavye biraz dans etmiş gibi duruyor. Ne demek istiyordun, bir yazım hatası mı oldu yoksa başka bir şey mi göndermek istedin?",
      "Bu da klavyenin ritim egzersizi gibi görünüyor. Mesaj yarım kalmış olabilir. İstersen ne sormak ya da ne konuşmak istediğini net bir cümleyle yaz; oradan hızla ve doğrudan konuya girelim.",
      "Bu tek harf muhtemelen yanlışlıkla gitti. Klavye bazen evrenin rastgelelik deneyini yapıyor. Ne yazmak istemiştin? Buradan devam edelim; ister çeviri, ister açıklama, ister kısa bir fikir tartışması—hepsine hazırım.",
      "Burada yine tek harf var; büyük ihtimalle yanlışlıkla gönderildi. Klavye bazen kozmik zar atıyor. Net bir cümle yaz, doğrudan konuya girelim: çeviri mi, açıklama mı, kısa bir fikir mi?",
      "Klavye bugün minimalizm denemesi yapıyor. Tek harfler mesajı taşımaya yetmiyor; düşünceyi yakalayalım. Ne yazmak istediğini tek cümleyle yaz—çeviri, kısa bir açıklama, ya da bir fikir egzersizi olabilir. Buradan hızla ve net şekilde ilerleriz.",
      "Şunu dedin:\njhhjj",
      "ChatGPT:\n\nKlavye biraz dans etmiş gibi duruyor. Ne demek istiyordun, bir yazım hatası mı oldu yoksa başka bir şey mi göndermek istedin?",
      "Şunu dedin:\nsss",
      "ChatGPT:\n\nBu da klavyenin ritim egzersizi gibi görünüyor. Mesaj yarım kalmış olabilir. İstersen ne sormak ya da ne konuşmak istediğini net bir cümleyle yaz; oradan hızla ve doğrudan konuya girelim.",
      "Şunu dedin:\ns",
      "ChatGPT:\n\nBu tek harf muhtemelen yanlışlıkla gitti. Klavye bazen evrenin rastgelelik deneyini yapıyor. Ne yazmak istemiştin? Buradan devam edelim; ister çeviri, ister açıklama, ister kısa bir fikir tartışması—hepsine hazırım.\n\n2/2",
      "Şunu dedin:\ns",
      "ChatGPT:\n\nBurada yine tek harf var; büyük ihtimalle yanlışlıkla gönderildi. Klavye bazen kozmik zar atıyor. Net bir cümle yaz, doğrudan konuya girelim: çeviri mi, açıklama mı, kısa bir fikir mi?",
      "Şunu dedin:\nf",
      "ChatGPT:\n\nKlavye bugün minimalizm denemesi yapıyor. Tek harfler mesajı taşımaya yetmiyor; düşünceyi yakalayalım. Ne yazmak istediğini tek cümleyle yaz—çeviri, kısa bir açıklama, ya da bir fikir egzersizi olabilir. Buradan hızla ve net şekilde ilerleriz.",
      "Klavye biraz dans etmiş gibi duruyor. Ne demek istiyordun, bir yazım hatası mı oldu yoksa başka bir şey mi göndermek istedin?",
      "Bu da klavyenin ritim egzersizi gibi görünüyor. Mesaj yarım kalmış olabilir. İstersen ne sormak ya da ne konuşmak istediğini net bir cümleyle yaz; oradan hızla ve doğrudan konuya girelim.",
      "Bu tek harf muhtemelen yanlışlıkla gitti. Klavye bazen evrenin rastgelelik deneyini yapıyor. Ne yazmak istemiştin? Buradan devam edelim; ister çeviri, ister açıklama, ister kısa bir fikir tartışması—hepsine hazırım.\n\n2/2",
      "Burada yine tek harf var; büyük ihtimalle yanlışlıkla gönderildi. Klavye bazen kozmik zar atıyor. Net bir cümle yaz, doğrudan konuya girelim: çeviri mi, açıklama mı, kısa bir fikir mi?",
      "Klavye bugün minimalizm denemesi yapıyor. Tek harfler mesajı taşımaya yetmiyor; düşünceyi yakalayalım. Ne yazmak istediğini tek cümleyle yaz—çeviri, kısa bir açıklama, ya da bir fikir egzersizi olabilir. Buradan hızla ve net şekilde ilerleriz.",
      "jhhjj",
      "sss",
      "s",
      "s",
      "f"
    ],
    "charCount": 1,
    "totalElements": 30,
    "captureMode": "manual"
  },
  {
    "receivedAt": "2026-02-07T22:18:25.278Z",
    "timestamp": "2026-02-07T22:18:25.251Z",
    "source": "chatgpt",
    "url": "https://chatgpt.com/c/6987b0de-b88c-8327-92fb-a63fa9b4e6e8",
    "responseText": "g",
    "charCount": 1,
    "totalElements": 35,
    "captureMode": "auto",
    "elementInfo": {
      "tagName": "DIV",
      "className": "min-h-8 text-message relative flex w-full flex-col items-end gap-2 text-start break-words whitespace-normal [.text-messa"
    }
  },
  {
    "receivedAt": "2026-02-07T22:18:34.751Z",
    "timestamp": "2026-02-07T22:18:34.724Z",
    "source": "chatgpt",
    "url": "https://chatgpt.com/c/6987b0de-b88c-8327-92fb-a63fa9b4e6e8",
    "responseText": "g",
    "allResponses": [
      "Klavye biraz dans etmiş gibi duruyor. Ne demek istiyordun, bir yazım hatası mı oldu yoksa başka bir şey mi göndermek istedin?",
      "Bu da klavyenin ritim egzersizi gibi görünüyor. Mesaj yarım kalmış olabilir. İstersen ne sormak ya da ne konuşmak istediğini net bir cümleyle yaz; oradan hızla ve doğrudan konuya girelim.",
      "Bu tek harf muhtemelen yanlışlıkla gitti. Klavye bazen evrenin rastgelelik deneyini yapıyor. Ne yazmak istemiştin? Buradan devam edelim; ister çeviri, ister açıklama, ister kısa bir fikir tartışması—hepsine hazırım.",
      "Burada yine tek harf var; büyük ihtimalle yanlışlıkla gönderildi. Klavye bazen kozmik zar atıyor. Net bir cümle yaz, doğrudan konuya girelim: çeviri mi, açıklama mı, kısa bir fikir mi?",
      "Klavye bugün minimalizm denemesi yapıyor. Tek harfler mesajı taşımaya yetmiyor; düşünceyi yakalayalım. Ne yazmak istediğini tek cümleyle yaz—çeviri, kısa bir açıklama, ya da bir fikir egzersizi olabilir. Buradan hızla ve net şekilde ilerleriz.",
      "Klavye mikro-heykeltraşlığa geçmiş gibi: tek harf, koca sessizlik. Mesajın yarım gidiyor. Ne yapmak istiyordun—çeviri, kısa bir açıklama, yoksa bir fikir denemesi mi? Bir cümle yaz, doğrudan konuya dalalım.",
      "Klavye biraz dans etmiş gibi duruyor. Ne demek istiyordun, bir yazım hatası mı oldu yoksa başka bir şey mi göndermek istedin?",
      "Bu da klavyenin ritim egzersizi gibi görünüyor. Mesaj yarım kalmış olabilir. İstersen ne sormak ya da ne konuşmak istediğini net bir cümleyle yaz; oradan hızla ve doğrudan konuya girelim.",
      "Bu tek harf muhtemelen yanlışlıkla gitti. Klavye bazen evrenin rastgelelik deneyini yapıyor. Ne yazmak istemiştin? Buradan devam edelim; ister çeviri, ister açıklama, ister kısa bir fikir tartışması—hepsine hazırım.",
      "Burada yine tek harf var; büyük ihtimalle yanlışlıkla gönderildi. Klavye bazen kozmik zar atıyor. Net bir cümle yaz, doğrudan konuya girelim: çeviri mi, açıklama mı, kısa bir fikir mi?",
      "Klavye bugün minimalizm denemesi yapıyor. Tek harfler mesajı taşımaya yetmiyor; düşünceyi yakalayalım. Ne yazmak istediğini tek cümleyle yaz—çeviri, kısa bir açıklama, ya da bir fikir egzersizi olabilir. Buradan hızla ve net şekilde ilerleriz.",
      "Klavye mikro-heykeltraşlığa geçmiş gibi: tek harf, koca sessizlik. Mesajın yarım gidiyor. Ne yapmak istiyordun—çeviri, kısa bir açıklama, yoksa bir fikir denemesi mi? Bir cümle yaz, doğrudan konuya dalalım.",
      "Şunu dedin:\njhhjj",
      "ChatGPT:\n\nKlavye biraz dans etmiş gibi duruyor. Ne demek istiyordun, bir yazım hatası mı oldu yoksa başka bir şey mi göndermek istedin?",
      "Şunu dedin:\nsss",
      "ChatGPT:\n\nBu da klavyenin ritim egzersizi gibi görünüyor. Mesaj yarım kalmış olabilir. İstersen ne sormak ya da ne konuşmak istediğini net bir cümleyle yaz; oradan hızla ve doğrudan konuya girelim.",
      "Şunu dedin:\ns",
      "ChatGPT:\n\nBu tek harf muhtemelen yanlışlıkla gitti. Klavye bazen evrenin rastgelelik deneyini yapıyor. Ne yazmak istemiştin? Buradan devam edelim; ister çeviri, ister açıklama, ister kısa bir fikir tartışması—hepsine hazırım.\n\n2/2",
      "Şunu dedin:\ns",
      "ChatGPT:\n\nBurada yine tek harf var; büyük ihtimalle yanlışlıkla gönderildi. Klavye bazen kozmik zar atıyor. Net bir cümle yaz, doğrudan konuya girelim: çeviri mi, açıklama mı, kısa bir fikir mi?",
      "Şunu dedin:\nf",
      "ChatGPT:\n\nKlavye bugün minimalizm denemesi yapıyor. Tek harfler mesajı taşımaya yetmiyor; düşünceyi yakalayalım. Ne yazmak istediğini tek cümleyle yaz—çeviri, kısa bir açıklama, ya da bir fikir egzersizi olabilir. Buradan hızla ve net şekilde ilerleriz.",
      "Şunu dedin:\ng",
      "ChatGPT:\n\nKlavye mikro-heykeltraşlığa geçmiş gibi: tek harf, koca sessizlik. Mesajın yarım gidiyor. Ne yapmak istiyordun—çeviri, kısa bir açıklama, yoksa bir fikir denemesi mi? Bir cümle yaz, doğrudan konuya dalalım.",
      "Klavye biraz dans etmiş gibi duruyor. Ne demek istiyordun, bir yazım hatası mı oldu yoksa başka bir şey mi göndermek istedin?",
      "Bu da klavyenin ritim egzersizi gibi görünüyor. Mesaj yarım kalmış olabilir. İstersen ne sormak ya da ne konuşmak istediğini net bir cümleyle yaz; oradan hızla ve doğrudan konuya girelim.",
      "Bu tek harf muhtemelen yanlışlıkla gitti. Klavye bazen evrenin rastgelelik deneyini yapıyor. Ne yazmak istemiştin? Buradan devam edelim; ister çeviri, ister açıklama, ister kısa bir fikir tartışması—hepsine hazırım.\n\n2/2",
      "Burada yine tek harf var; büyük ihtimalle yanlışlıkla gönderildi. Klavye bazen kozmik zar atıyor. Net bir cümle yaz, doğrudan konuya girelim: çeviri mi, açıklama mı, kısa bir fikir mi?",
      "Klavye bugün minimalizm denemesi yapıyor. Tek harfler mesajı taşımaya yetmiyor; düşünceyi yakalayalım. Ne yazmak istediğini tek cümleyle yaz—çeviri, kısa bir açıklama, ya da bir fikir egzersizi olabilir. Buradan hızla ve net şekilde ilerleriz.",
      "Klavye mikro-heykeltraşlığa geçmiş gibi: tek harf, koca sessizlik. Mesajın yarım gidiyor. Ne yapmak istiyordun—çeviri, kısa bir açıklama, yoksa bir fikir denemesi mi? Bir cümle yaz, doğrudan konuya dalalım.",
      "jhhjj",
      "sss",
      "s",
      "s",
      "f",
      "g"
    ],
    "charCount": 1,
    "totalElements": 36,
    "captureMode": "manual"
  },
  {
    "receivedAt": "2026-02-07T22:18:36.960Z",
    "timestamp": "2026-02-07T22:18:36.946Z",
    "source": "chatgpt",
    "url": "https://chatgpt.com/c/6987b0de-b88c-8327-92fb-a63fa9b4e6e8",
    "responseText": "g",
    "charCount": 1,
    "totalElements": 36,
    "captureMode": "auto",
    "elementInfo": {
      "tagName": "DIV",
      "className": "min-h-8 text-message relative flex w-full flex-col items-end gap-2 text-start break-words whitespace-normal [.text-messa"
    }
  },
  {
    "receivedAt": "2026-02-07T22:21:26.165Z",
    "timestamp": "2026-02-07T22:21:24.489Z",
    "source": "deepseek",
    "url": "https://www.deepseek.com/en/",
    "responseText": "We use cookies to provide and improve services and ensure security. Click to view our cookie policy. You can choose to accept all or only necessary cookies, which may affect some functionalities.",
    "charCount": 195,
    "totalElements": 5,
    "captureMode": "auto",
    "elementInfo": {
      "tagName": "DIV",
      "className": "cookie_banner-description"
    }
  },
  {
    "receivedAt": "2026-02-07T22:21:40.897Z",
    "timestamp": "2026-02-07T22:21:40.815Z",
    "source": "perplexity",
    "url": "https://www.perplexity.ai/",
    "responseText": "History\nDiscover\nSpaces\nFinance\nMore\n\n\n\n\nAsk anything. Type @ for sources and / for shortcuts.\nModel\nSalud\nPerplejidad 101\nLocal\nÚltimas noticias\nResumir",
    "charCount": 153,
    "totalElements": 1,
    "captureMode": "auto",
    "elementInfo": {
      "tagName": "DIV",
      "className": "flex size-full flex-1 duration-normal ease-in-out"
    }
  },
  {
    "receivedAt": "2026-02-07T22:21:45.542Z",
    "timestamp": "2026-02-07T22:21:45.521Z",
    "source": "grok",
    "url": "https://grok.com/c/1cf49682-5e7c-41ee-b4ff-6c161f2eef80?rid=a033b9e3-d74d-4da8-bcf5-4899209b8e0c",
    "responseText": "Hey Knight! Just an \"s\"? 😏\n\nWhat's cooking in Austin tonight — spill the tea, or are we going full cryptic mode? 🚀",
    "allResponses": [
      "s",
      "Hey Knight! Just an \"s\"? 😏\n\nWhat's cooking in Austin tonight — spill the tea, or are we going full cryptic mode? 🚀",
      "1,4 saniye\nHızlı",
      "1,4 saniye",
      "Hızlı",
      "s",
      "Hey Knight! Just an \"s\"? 😏\n\nWhat's cooking in Austin tonight — spill the tea, or are we going full cryptic mode? 🚀"
    ],
    "charCount": 116,
    "totalElements": 7,
    "captureMode": "manual"
  },
  {
    "receivedAt": "2026-02-07T22:21:48.315Z",
    "timestamp": "2026-02-07T22:21:48.285Z",
    "source": "grok",
    "url": "https://grok.com/c/1cf49682-5e7c-41ee-b4ff-6c161f2eef80?rid=a033b9e3-d74d-4da8-bcf5-4899209b8e0c",
    "responseText": "Hey Knight! Just an \"s\"? 😏\n\nWhat's cooking in Austin tonight — spill the tea, or are we going full cryptic mode? 🚀",
    "allResponses": [
      "s",
      "Hey Knight! Just an \"s\"? 😏\n\nWhat's cooking in Austin tonight — spill the tea, or are we going full cryptic mode? 🚀",
      "1,4 saniye\nHızlı",
      "1,4 saniye",
      "Hızlı",
      "s",
      "Hey Knight! Just an \"s\"? 😏\n\nWhat's cooking in Austin tonight — spill the tea, or are we going full cryptic mode? 🚀"
    ],
    "charCount": 116,
    "totalElements": 7,
    "captureMode": "manual"
  },
  {
    "receivedAt": "2026-02-07T22:24:32.208Z",
    "timestamp": "2026-02-07T22:24:31.640Z",
    "source": "deepseek",
    "url": "https://www.deepseek.com/en/",
    "responseText": "© 2026 DeepSeek. All rights reserved.\n浙ICP备2023025841号\n浙B2-20250178\n浙公网安备33010502011812号\nResearch\nDeepSeek R1\nDeepSeek V3\nDeepSeek Coder V2\nDeepSeek VL\nDeepSeek V2\nDeepSeek Coder\nDeepSeek Math\nDeepSeek LLM\nProduct\nDeepSeek App\nDeepSeek Chat\nDeepSeek Platform\nAPI Pricing\nService Status\nLegal & Safety\nPrivacy Policy\nTerms of Use\nReport Vulnerabilities\nJoin Us\nJob Description",
    "charCount": 375,
    "totalElements": 3,
    "captureMode": "auto",
    "elementInfo": {
      "tagName": "DIV",
      "className": "grid grid-cols-1 sm:grid-cols-2 md:grid-cols-3 lg:grid-cols-4 xl:grid-cols-6 gap-10 max-w-6xl m-auto mb-16"
    }
  },
  {
    "receivedAt": "2026-02-07T22:27:25.509Z",
    "timestamp": "2026-02-07T22:27:25.471Z",
    "source": "copilot",
    "url": "https://copilot.microsoft.com/chats/BAWkCSCznUrGTXekvAWov",
    "responseText": "Dilim:\n                            AfrikaansአማርኛعربىDefaultБългарскиCatalàČeskéDanskDeutscheΕλληνικήEnglish (USA)Español (EE. UU.)EestiفارسیSuomenFrançaisहिंदीHrvatskiMagyarIndonesiaItaliano日本語한국어LietuviųLatviešuMelayuNederlandseNorskPolskiPortuguesaRomânăРусскийSlovenskejSlovenščinaРускиSvenskaKiswahiliไทยDefaultTürkУкраїнськийViệt nam中國（台灣）Zulu\n                        \n\n                        \n                            \n                                Ses hızı:\n\n                            \n                            \n                                \n\n                                \n                                    \n                                \n\n                                \n                            \n                            \n                                Ses:\n                                \n                                    \n                                        \n                                         Erkek\n                                    \n\n                                    \n                                          Dişi\n                                    \n\n                                \n                            \n                        \n                        \n                                \n                                    Otomatik çevirme kelimeleri\n                                    Tek bir seçilen kelimenin çevirisi\n                                \n                                \n                            \n                        \n                                \n                                    Otomatik tercüme cümleleri\n                                    Seçilen cümlenin 15 kelimeye kadar çevirisi\n                                \n                                \n                            \n                        \n                                \n                                    Çeviriyi Göster düğmesini\n                                    Seçilen metnin hemen yanında çevirmek için bir düğmeyi göster\n                                \n                                \n                        \n                        \n                                \n                                    Konuş düğmesini göster\n                                    Yüksek sesle okumak için seçilen metin tarafından bir düğmeyi göster\n                                \n                                \n                        \n                        \n                            Çevirmen seçin:\n                            \n                                \n                                     uLanguage\n                                \n\n                                \n                                      Google Translate\n                                \n\n                            \n                        \n                    \n\n                       \n                            Geribildirim bırak",
    "allResponses": [
      "Davet et",
      "Dilim:\n                            AfrikaansአማርኛعربىDefaultБългарскиCatalàČeskéDanskDeutscheΕλληνικήEnglish (USA)Español (EE. UU.)EestiفارسیSuomenFrançaisहिंदीHrvatskiMagyarIndonesiaItaliano日本語한국어LietuviųLatviešuMelayuNederlandseNorskPolskiPortuguesaRomânăРусскийSlovenskejSlovenščinaРускиSvenskaKiswahiliไทยDefaultTürkУкраїнськийViệt nam中國（台灣）Zulu\n                        \n\n                        \n                            \n                                Ses hızı:\n\n                            \n                            \n                                \n\n                                \n                                    \n                                \n\n                                \n                            \n                            \n                                Ses:\n                                \n                                    \n                                        \n                                         Erkek\n                                    \n\n                                    \n                                          Dişi\n                                    \n\n                                \n                            \n                        \n                        \n                                \n                                    Otomatik çevirme kelimeleri\n                                    Tek bir seçilen kelimenin çevirisi\n                                \n                                \n                            \n                        \n                                \n                                    Otomatik tercüme cümleleri\n                                    Seçilen cümlenin 15 kelimeye kadar çevirisi\n                                \n                                \n                            \n                        \n                                \n                                    Çeviriyi Göster düğmesini\n                                    Seçilen metnin hemen yanında çevirmek için bir düğmeyi göster\n                                \n                                \n                        \n                        \n                                \n                                    Konuş düğmesini göster\n                                    Yüksek sesle okumak için seçilen metin tarafından bir düğmeyi göster\n                                \n                                \n                        \n                        \n                            Çevirmen seçin:\n                            \n                                \n                                     uLanguage\n                                \n\n                                \n                                      Google Translate\n                                \n\n                            \n                        \n                    \n\n                       \n                            Geribildirim bırak"
    ],
    "charCount": 2887,
    "totalElements": 2,
    "captureMode": "manual"
  },
  {
    "receivedAt": "2026-02-07T22:29:25.319Z",
    "timestamp": "2026-02-07T22:29:25.287Z",
    "source": "copilot",
    "url": "https://copilot.microsoft.com/chats/BAWkCSCznUrGTXekvAWov",
    "responseText": "Dilim:\n                            AfrikaansአማርኛعربىDefaultБългарскиCatalàČeskéDanskDeutscheΕλληνικήEnglish (USA)Español (EE. UU.)EestiفارسیSuomenFrançaisहिंदीHrvatskiMagyarIndonesiaItaliano日本語한국어LietuviųLatviešuMelayuNederlandseNorskPolskiPortuguesaRomânăРусскийSlovenskejSlovenščinaРускиSvenskaKiswahiliไทยDefaultTürkУкраїнськийViệt nam中國（台灣）Zulu\n                        \n\n                        \n                            \n                                Ses hızı:\n\n                            \n                            \n                                \n\n                                \n                                    \n                                \n\n                                \n                            \n                            \n                                Ses:\n                                \n                                    \n                                        \n                                         Erkek\n                                    \n\n                                    \n                                          Dişi\n                                    \n\n                                \n                            \n                        \n                        \n                                \n                                    Otomatik çevirme kelimeleri\n                                    Tek bir seçilen kelimenin çevirisi\n                                \n                                \n                            \n                        \n                                \n                                    Otomatik tercüme cümleleri\n                                    Seçilen cümlenin 15 kelimeye kadar çevirisi\n                                \n                                \n                            \n                        \n                                \n                                    Çeviriyi Göster düğmesini\n                                    Seçilen metnin hemen yanında çevirmek için bir düğmeyi göster\n                                \n                                \n                        \n                        \n                                \n                                    Konuş düğmesini göster\n                                    Yüksek sesle okumak için seçilen metin tarafından bir düğmeyi göster\n                                \n                                \n                        \n                        \n                            Çevirmen seçin:\n                            \n                                \n                                     uLanguage\n                                \n\n                                \n                                      Google Translate\n                                \n\n                            \n                        \n                    \n\n                       \n                            Geribildirim bırak",
    "allResponses": [
      "Davet et",
      "Dilim:\n                            AfrikaansአማርኛعربىDefaultБългарскиCatalàČeskéDanskDeutscheΕλληνικήEnglish (USA)Español (EE. UU.)EestiفارسیSuomenFrançaisहिंदीHrvatskiMagyarIndonesiaItaliano日本語한국어LietuviųLatviešuMelayuNederlandseNorskPolskiPortuguesaRomânăРусскийSlovenskejSlovenščinaРускиSvenskaKiswahiliไทยDefaultTürkУкраїнськийViệt nam中國（台灣）Zulu\n                        \n\n                        \n                            \n                                Ses hızı:\n\n                            \n                            \n                                \n\n                                \n                                    \n                                \n\n                                \n                            \n                            \n                                Ses:\n                                \n                                    \n                                        \n                                         Erkek\n                                    \n\n                                    \n                                          Dişi\n                                    \n\n                                \n                            \n                        \n                        \n                                \n                                    Otomatik çevirme kelimeleri\n                                    Tek bir seçilen kelimenin çevirisi\n                                \n                                \n                            \n                        \n                                \n                                    Otomatik tercüme cümleleri\n                                    Seçilen cümlenin 15 kelimeye kadar çevirisi\n                                \n                                \n                            \n                        \n                                \n                                    Çeviriyi Göster düğmesini\n                                    Seçilen metnin hemen yanında çevirmek için bir düğmeyi göster\n                                \n                                \n                        \n                        \n                                \n                                    Konuş düğmesini göster\n                                    Yüksek sesle okumak için seçilen metin tarafından bir düğmeyi göster\n                                \n                                \n                        \n                        \n                            Çevirmen seçin:\n                            \n                                \n                                     uLanguage\n                                \n\n                                \n                                      Google Translate\n                                \n\n                            \n                        \n                    \n\n                       \n                            Geribildirim bırak"
    ],
    "charCount": 2887,
    "totalElements": 2,
    "captureMode": "manual"
  },
  {
    "receivedAt": "2026-02-07T22:30:34.028Z",
    "timestamp": "2026-02-07T22:30:34.019Z",
    "source": "perplexity",
    "url": "https://www.perplexity.ai/?login-source=oneTapHome&login-new=true",
    "responseText": "Mejora tu plan para acceder a los modelos de IA más avanzados\n\n\n\n\nAsk anything. Type @ for sources and / for shortcuts.\nModel\nSolucionar problemas\nPlan.\nLocal\nSalud\nInvestigación",
    "charCount": 178,
    "totalElements": 1,
    "captureMode": "auto",
    "elementInfo": {
      "tagName": "DIV",
      "className": "relative flex h-full flex-col"
    }
  },
  {
    "receivedAt": "2026-02-07T22:30:40.758Z",
    "timestamp": "2026-02-07T22:30:40.725Z",
    "source": "perplexity",
    "url": "https://www.perplexity.ai/search/s-kIRWg799QcOEmfeWm_eHOg",
    "responseText": "The letter S is the nineteenth letter of the modern English alphabet and is called “ess.”\nwikipedia\n​\n\nIn English, it most commonly represents the sounds /s/ as in “see” and /z/ as in “rose,” and it is the usual ending for plural nouns and third-person singular verbs (cats, runs). Historically, a different written form called the “long s” (ſ) was widely used in European printing until it was phased out in the late 18th and early 19th centuries.\nwikipedia\n​",
    "allResponses": [
      "The letter S is the nineteenth letter of the modern English alphabet and is called “ess.”\nwikipedia\n​\n\nIn English, it most commonly represents the sounds /s/ as in “see” and /z/ as in “rose,” and it is the usual ending for plural nouns and third-person singular verbs (cats, runs). Historically, a different written form called the “long s” (ſ) was widely used in European printing until it was phased out in the late 18th and early 19th centuries.\nwikipedia\n​"
    ],
    "charCount": 460,
    "totalElements": 1,
    "captureMode": "manual"
  },
  {
    "receivedAt": "2026-02-07T22:30:42.213Z",
    "timestamp": "2026-02-07T22:30:42.201Z",
    "source": "perplexity",
    "url": "https://www.perplexity.ai/search/s-kIRWg799QcOEmfeWm_eHOg",
    "responseText": "The letter S is the nineteenth letter of the modern English alphabet and is called “ess.”\nwikipedia\n​\n\nIn English, it most commonly represents the sounds /s/ as in “see” and /z/ as in “rose,” and it is the usual ending for plural nouns and third-person singular verbs (cats, runs). Historically, a different written form called the “long s” (ſ) was widely used in European printing until it was phased out in the late 18th and early 19th centuries.\nwikipedia\n​",
    "charCount": 460,
    "totalElements": 1,
    "captureMode": "auto",
    "elementInfo": {
      "tagName": "DIV",
      "className": "prose dark:prose-invert inline leading-relaxed break-words min-w-0 [word-break:break-word] prose-strong:font-medium visR"
    }
  },
  {
    "receivedAt": "2026-02-07T22:31:35.826Z",
    "timestamp": "2026-02-07T22:31:35.797Z",
    "source": "mistral",
    "url": "https://chat.mistral.ai/chat/44916272-72f8-401a-af2c-6d3f863607ed",
    "responseText": "Hi Ahmet! Could you clarify what you mean by \"sss\"? Are you referring to something specific, or was that a typo? Let me know how I can assist!",
    "allResponses": [
      "Investigación\nReflexión\n\nHerramientas\n\nLe Chat puede cometer errores. Verifica las respuestas. Más información",
      ".cls-1{fill:#858e99;}",
      "Hi Ahmet! Could you clarify what you mean by \"sss\"? Are you referring to something specific, or was that a typo? Let me know how I can assist!"
    ],
    "charCount": 142,
    "totalElements": 3,
    "captureMode": "manual"
  },
  {
    "receivedAt": "2026-02-07T22:31:40.076Z",
    "timestamp": "2026-02-07T22:31:40.066Z",
    "source": "mistral",
    "url": "https://chat.mistral.ai/chat/44916272-72f8-401a-af2c-6d3f863607ed",
    "responseText": "Hi Ahmet! Could you clarify what you mean by \"sss\"? Are you referring to something specific, or was that a typo? Let me know how I can assist!",
    "charCount": 142,
    "totalElements": 9,
    "captureMode": "auto",
    "elementInfo": {
      "tagName": "DIV",
      "className": "markdown-container-style max-w-none gap-1 overflow-x-visible py-0.5 pb-4 font-normal text-wrap break-words select-text"
    }
  },
  {
    "receivedAt": "2026-02-07T22:40:05.727Z",
    "timestamp": "2026-02-07T22:40:05.659Z",
    "source": "claude",
    "url": "https://claude.ai/chat/db05dd2a-c52e-4b01-a83b-e20ac07d8390",
    "responseText": "5 dosyanın hepsi yeniden yazıldı. Yapman gereken:\n\nKURULUM\n5 dosyayı indir (manifest.json, content.js, background.js, popup.html, popup.js)\nChromeOS Dosyalar → Linux dosyaları → paseon → extension klasörüne git\nİçindeki eski 5 dosyayı sil\nYeni indirdiğin 5 dosyayı oraya sürükle-bırak\nChrome'da chrome://extensions → Paseon'da 🔄 yenile butonuna bas\nChrome senden yeni site izinleri isteyecek — hepsine izin ver\nv0.3'TE NE DEĞİŞTİ\nmanifest.json: 10 domain eklendi (9 AI + localhost). Gemini ve Claude artık content_scripts matches'a dahil — bu yüzden çalışmıyorlardı\ncontent.js: 9 AI sitesi için ayrı ayrı seçici haritaları. Gemini'nin custom element'leri (message-content, model-response), Claude'un ProseMirror yapısı, DeepSeek, Grok, Copilot, Perplexity, Mistral, Meta AI hepsi tanımlı\nbackground.js: 9 sitenin hepsi tab tespitinde\npopup: Sekme listesinde site isimleri görünür: [ChatGPT], [Gemini], [Claude] vs.\nTEST\n\nYenile butonuna bastıktan sonra:\n\nTüm açık AI sekmelerini kapat\nTek tek aç: ChatGPT, Gemini, Claude\nHer birinde bir soru sor\nTerminale bak → her siteden 📨 YENİ VERİ GELDİ geldi mi?\n\nGelmeyen site varsa, o sitenin konsolunda (Ctrl+Shift+J → filtre: PASEON) logları bana at.",
    "charCount": 1195,
    "totalElements": 82,
    "captureMode": "auto",
    "elementInfo": {
      "tagName": "DIV",
      "className": "standard-markdown grid-cols-1 grid [&_>_*]:min-w-0 gap-3 standard-markdown"
    }
  },
  {
    "receivedAt": "2026-02-07T22:40:20.138Z",
    "timestamp": "2026-02-07T22:40:20.115Z",
    "source": "claude",
    "url": "https://claude.ai/chat/db05dd2a-c52e-4b01-a83b-e20ac07d8390",
    "responseText": "5 dosyanın hepsi yeniden yazıldı. Yapman gereken:\n\nKURULUM\n5 dosyayı indir (manifest.json, content.js, background.js, popup.html, popup.js)\nChromeOS Dosyalar → Linux dosyaları → paseon → extension klasörüne git\nİçindeki eski 5 dosyayı sil\nYeni indirdiğin 5 dosyayı oraya sürükle-bırak\nChrome'da chrome://extensions → Paseon'da 🔄 yenile butonuna bas\nChrome senden yeni site izinleri isteyecek — hepsine izin ver\nv0.3'TE NE DEĞİŞTİ\nmanifest.json: 10 domain eklendi (9 AI + localhost). Gemini ve Claude artık content_scripts matches'a dahil — bu yüzden çalışmıyorlardı\ncontent.js: 9 AI sitesi için ayrı ayrı seçici haritaları. Gemini'nin custom element'leri (message-content, model-response), Claude'un ProseMirror yapısı, DeepSeek, Grok, Copilot, Perplexity, Mistral, Meta AI hepsi tanımlı\nbackground.js: 9 sitenin hepsi tab tespitinde\npopup: Sekme listesinde site isimleri görünür: [ChatGPT], [Gemini], [Claude] vs.\nTEST\n\nYenile butonuna bastıktan sonra:\n\nTüm açık AI sekmelerini kapat\nTek tek aç: ChatGPT, Gemini, Claude\nHer birinde bir soru sor\nTerminale bak → her siteden 📨 YENİ VERİ GELDİ geldi mi?\n\nGelmeyen site varsa, o sitenin konsolunda (Ctrl+Shift+J → filtre: PASEON) logları bana at.",
    "charCount": 1195,
    "totalElements": 82,
    "captureMode": "auto",
    "elementInfo": {
      "tagName": "DIV",
      "className": "standard-markdown grid-cols-1 grid [&_>_*]:min-w-0 gap-3 standard-markdown"
    }
  },
  {
    "receivedAt": "2026-02-07T22:40:41.644Z",
    "timestamp": "2026-02-07T22:40:41.621Z",
    "source": "claude",
    "url": "https://claude.ai/chat/db05dd2a-c52e-4b01-a83b-e20ac07d8390",
    "responseText": "5 dosyanın hepsi yeniden yazıldı. Yapman gereken:\n\nKURULUM\n5 dosyayı indir (manifest.json, content.js, background.js, popup.html, popup.js)\nChromeOS Dosyalar → Linux dosyaları → paseon → extension klasörüne git\nİçindeki eski 5 dosyayı sil\nYeni indirdiğin 5 dosyayı oraya sürükle-bırak\nChrome'da chrome://extensions → Paseon'da 🔄 yenile butonuna bas\nChrome senden yeni site izinleri isteyecek — hepsine izin ver\nv0.3'TE NE DEĞİŞTİ\nmanifest.json: 10 domain eklendi (9 AI + localhost). Gemini ve Claude artık content_scripts matches'a dahil — bu yüzden çalışmıyorlardı\ncontent.js: 9 AI sitesi için ayrı ayrı seçici haritaları. Gemini'nin custom element'leri (message-content, model-response), Claude'un ProseMirror yapısı, DeepSeek, Grok, Copilot, Perplexity, Mistral, Meta AI hepsi tanımlı\nbackground.js: 9 sitenin hepsi tab tespitinde\npopup: Sekme listesinde site isimleri görünür: [ChatGPT], [Gemini], [Claude] vs.\nTEST\n\nYenile butonuna bastıktan sonra:\n\nTüm açık AI sekmelerini kapat\nTek tek aç: ChatGPT, Gemini, Claude\nHer birinde bir soru sor\nTerminale bak → her siteden 📨 YENİ VERİ GELDİ geldi mi?\n\nGelmeyen site varsa, o sitenin konsolunda (Ctrl+Shift+J → filtre: PASEON) logları bana at.",
    "charCount": 1195,
    "totalElements": 82,
    "captureMode": "auto",
    "elementInfo": {
      "tagName": "DIV",
      "className": "standard-markdown grid-cols-1 grid [&_>_*]:min-w-0 gap-3 standard-markdown"
    }
  },
  {
    "receivedAt": "2026-02-07T22:41:54.820Z",
    "timestamp": "2026-02-07T22:41:54.779Z",
    "source": "gemini",
    "url": "https://gemini.google.com/app?is_sa=1&is_sa=1&android-min-version=301356232&ios-min-version=322.0&campaign_id=bkws&utm_source=sem&utm_medium=paid-media&utm_campaign=bkws&pt=9008&mt=8&ct=p-growth-sem-bkws&gclsrc=aw.ds&gad_source=1&gad_campaignid=20108148196&gbraid=0AAAAApk5BhlDZCm1YFrr4YZGPN0GHZN9t&gclid=Cj0KCQiA4pvMBhDYARIsAGfgwvwQesnUgHbhbdX1A8sd4nA3byWT2oaggiWmxz7PIWm7w99fpjKiEFwaAm1gEALw_wcB",
    "responseText": "Ne istiyorsanız yazın",
    "allResponses": [
      "Merhaba Ahmet\nNereden başlayalım?",
      "🍌 Resim Oluştur\nGünüme enerji kat\nNe istiyorsanız yazın\nVideo oluşturun\nÖğrenmeme yardım et",
      "Ne istiyorsanız yazın"
    ],
    "charCount": 21,
    "totalElements": 3,
    "captureMode": "manual"
  },
  {
    "receivedAt": "2026-02-07T22:42:00.925Z",
    "timestamp": "2026-02-07T22:42:00.910Z",
    "source": "gemini",
    "url": "https://gemini.google.com/app/828dcfe2b67fc69f?is_sa=1&is_sa=1&android-min-version=301356232&ios-min-version=322.0&campaign_id=bkws&utm_source=sem&utm_medium=paid-media&utm_campaign=bkws&pt=9008&mt=8&ct=p-growth-sem-bkws&gclsrc=aw.ds&gad_source=1&gad_campaignid=20108148196&gbraid=0AAAAApk5BhlDZCm1YFrr4YZGPN0GHZN9t&gclid=Cj0KCQiA4pvMBhDYARIsAGfgwvwQesnUgHbhbdX1A8sd4nA3byWT2oaggiWmxz7PIWm7w99fpjKiEFwaAm1gEALw_wcB",
    "responseText": "It looks like you might have sent a partial message or a typo!\n\nIf you meant \"DD\" as in Due Diligence, Data-Driven, or even just a keyboard slip while we were discussing your business ideas, I'm ready to pick up where we left off.\n\nWould you like me to continue brainstorming the Paseon app strategy, or is there something else on your mind?",
    "allResponses": [
      "It looks like you might have sent a partial message or a typo!\n\nIf you meant \"DD\" as in Due Diligence, Data-Driven, or even just a keyboard slip while we were discussing your business ideas, I'm ready to pick up where we left off.\n\nWould you like me to continue brainstorming the Paseon app strategy, or is there something else on your mind?",
      "It looks like you might have sent a partial message or a typo!\n\nIf you meant \"DD\" as in Due Diligence, Data-Driven, or even just a keyboard slip while we were discussing your business ideas, I'm ready to pick up where we left off.\n\nWould you like me to continue brainstorming the Paseon app strategy, or is there something else on your mind?",
      "It looks like you might have sent a partial message or a typo!\n\nIf you meant \"DD\" as in Due Diligence, Data-Driven, or even just a keyboard slip while we were discussing your business ideas, I'm ready to pick up where we left off.\n\nWould you like me to continue brainstorming the Paseon app strategy, or is there something else on your mind?",
      "It looks like you might have sent a partial message or a typo!\n\nIf you meant \"DD\" as in Due Diligence, Data-Driven, or even just a keyboard slip while we were discussing your business ideas, I'm ready to pick up where we left off.\n\nWould you like me to continue brainstorming the Paseon app strategy, or is there something else on your mind?",
      "It looks like you might have sent a partial message or a typo!\n\nIf you meant \"DD\" as in Due Diligence, Data-Driven, or even just a keyboard slip while we were discussing your business ideas, I'm ready to pick up where we left off.\n\nWould you like me to continue brainstorming the Paseon app strategy, or is there something else on your mind?",
      "It looks like you might have sent a partial message or a typo!\n\nIf you meant \"DD\" as in Due Diligence, Data-Driven, or even just a keyboard slip while we were discussing your business ideas, I'm ready to pick up where we left off.\n\nWould you like me to continue brainstorming the Paseon app strategy, or is there something else on your mind?"
    ],
    "charCount": 341,
    "totalElements": 6,
    "captureMode": "manual"
  },
  {
    "receivedAt": "2026-02-07T22:42:04.048Z",
    "timestamp": "2026-02-07T22:42:04.021Z",
    "source": "gemini",
    "url": "https://gemini.google.com/app/828dcfe2b67fc69f?is_sa=1&is_sa=1&android-min-version=301356232&ios-min-version=322.0&campaign_id=bkws&utm_source=sem&utm_medium=paid-media&utm_campaign=bkws&pt=9008&mt=8&ct=p-growth-sem-bkws&gclsrc=aw.ds&gad_source=1&gad_campaignid=20108148196&gbraid=0AAAAApk5BhlDZCm1YFrr4YZGPN0GHZN9t&gclid=Cj0KCQiA4pvMBhDYARIsAGfgwvwQesnUgHbhbdX1A8sd4nA3byWT2oaggiWmxz7PIWm7w99fpjKiEFwaAm1gEALw_wcB",
    "responseText": "It looks like you might have sent a partial message or a typo!\n\nIf you meant \"DD\" as in Due Diligence, Data-Driven, or even just a keyboard slip while we were discussing your business ideas, I'm ready to pick up where we left off.\n\nWould you like me to continue brainstorming the Paseon app strategy, or is there something else on your mind?",
    "charCount": 341,
    "totalElements": 6,
    "captureMode": "auto",
    "elementInfo": {
      "tagName": "DIV",
      "className": "response-container ng-tns-c1814566128-15 response-container-with-gpi response-container-has-multiple-responses"
    }
  },
  {
    "receivedAt": "2026-02-07T22:42:24.978Z",
    "timestamp": "2026-02-07T22:42:24.962Z",
    "source": "chatgpt",
    "url": "https://chatgpt.com/",
    "responseText": "Hey Ahmet. Dalmaya hazır mısın?",
    "allResponses": [
      "Hey Ahmet. Dalmaya hazır mısın?",
      "Hey Ahmet. Dalmaya hazır mısın?"
    ],
    "charCount": 31,
    "totalElements": 2,
    "captureMode": "manual"
  },
  {
    "receivedAt": "2026-02-07T22:42:32.738Z",
    "timestamp": "2026-02-07T22:42:22.676Z",
    "source": "claude",
    "url": "https://claude.ai/chat/db05dd2a-c52e-4b01-a83b-e20ac07d8390",
    "responseText": "5 dosyanın hepsi yeniden yazıldı. Yapman gereken:\n\nKURULUM\n5 dosyayı indir (manifest.json, content.js, background.js, popup.html, popup.js)\nChromeOS Dosyalar → Linux dosyaları → paseon → extension klasörüne git\nİçindeki eski 5 dosyayı sil\nYeni indirdiğin 5 dosyayı oraya sürükle-bırak\nChrome'da chrome://extensions → Paseon'da 🔄 yenile butonuna bas\nChrome senden yeni site izinleri isteyecek — hepsine izin ver\nv0.3'TE NE DEĞİŞTİ\nmanifest.json: 10 domain eklendi (9 AI + localhost). Gemini ve Claude artık content_scripts matches'a dahil — bu yüzden çalışmıyorlardı\ncontent.js: 9 AI sitesi için ayrı ayrı seçici haritaları. Gemini'nin custom element'leri (message-content, model-response), Claude'un ProseMirror yapısı, DeepSeek, Grok, Copilot, Perplexity, Mistral, Meta AI hepsi tanımlı\nbackground.js: 9 sitenin hepsi tab tespitinde\npopup: Sekme listesinde site isimleri görünür: [ChatGPT], [Gemini], [Claude] vs.\nTEST\n\nYenile butonuna bastıktan sonra:\n\nTüm açık AI sekmelerini kapat\nTek tek aç: ChatGPT, Gemini, Claude\nHer birinde bir soru sor\nTerminale bak → her siteden 📨 YENİ VERİ GELDİ geldi mi?\n\nGelmeyen site varsa, o sitenin konsolunda (Ctrl+Shift+J → filtre: PASEON) logları bana at.",
    "charCount": 1195,
    "totalElements": 82,
    "captureMode": "auto",
    "elementInfo": {
      "tagName": "DIV",
      "className": "standard-markdown grid-cols-1 grid [&_>_*]:min-w-0 gap-3 standard-markdown"
    }
  },
  {
    "receivedAt": "2026-02-07T22:42:32.780Z",
    "timestamp": "2026-02-07T22:41:36.628Z",
    "source": "claude",
    "url": "https://claude.ai/chat/db05dd2a-c52e-4b01-a83b-e20ac07d8390",
    "responseText": "5 dosyanın hepsi yeniden yazıldı. Yapman gereken:\n\nKURULUM\n5 dosyayı indir (manifest.json, content.js, background.js, popup.html, popup.js)\nChromeOS Dosyalar → Linux dosyaları → paseon → extension klasörüne git\nİçindeki eski 5 dosyayı sil\nYeni indirdiğin 5 dosyayı oraya sürükle-bırak\nChrome'da chrome://extensions → Paseon'da 🔄 yenile butonuna bas\nChrome senden yeni site izinleri isteyecek — hepsine izin ver\nv0.3'TE NE DEĞİŞTİ\nmanifest.json: 10 domain eklendi (9 AI + localhost). Gemini ve Claude artık content_scripts matches'a dahil — bu yüzden çalışmıyorlardı\ncontent.js: 9 AI sitesi için ayrı ayrı seçici haritaları. Gemini'nin custom element'leri (message-content, model-response), Claude'un ProseMirror yapısı, DeepSeek, Grok, Copilot, Perplexity, Mistral, Meta AI hepsi tanımlı\nbackground.js: 9 sitenin hepsi tab tespitinde\npopup: Sekme listesinde site isimleri görünür: [ChatGPT], [Gemini], [Claude] vs.\nTEST\n\nYenile butonuna bastıktan sonra:\n\nTüm açık AI sekmelerini kapat\nTek tek aç: ChatGPT, Gemini, Claude\nHer birinde bir soru sor\nTerminale bak → her siteden 📨 YENİ VERİ GELDİ geldi mi?\n\nGelmeyen site varsa, o sitenin konsolunda (Ctrl+Shift+J → filtre: PASEON) logları bana at.",
    "charCount": 1195,
    "totalElements": 82,
    "captureMode": "auto",
    "elementInfo": {
      "tagName": "DIV",
      "className": "standard-markdown grid-cols-1 grid [&_>_*]:min-w-0 gap-3 standard-markdown"
    }
  },
  {
    "receivedAt": "2026-02-07T22:42:45.256Z",
    "timestamp": "2026-02-07T22:42:45.218Z",
    "source": "claude",
    "url": "https://claude.ai/chat/db05dd2a-c52e-4b01-a83b-e20ac07d8390",
    "responseText": "5 dosyanın hepsi yeniden yazıldı. Yapman gereken:\n\nKURULUM\n5 dosyayı indir (manifest.json, content.js, background.js, popup.html, popup.js)\nChromeOS Dosyalar → Linux dosyaları → paseon → extension klasörüne git\nİçindeki eski 5 dosyayı sil\nYeni indirdiğin 5 dosyayı oraya sürükle-bırak\nChrome'da chrome://extensions → Paseon'da 🔄 yenile butonuna bas\nChrome senden yeni site izinleri isteyecek — hepsine izin ver\nv0.3'TE NE DEĞİŞTİ\nmanifest.json: 10 domain eklendi (9 AI + localhost). Gemini ve Claude artık content_scripts matches'a dahil — bu yüzden çalışmıyorlardı\ncontent.js: 9 AI sitesi için ayrı ayrı seçici haritaları. Gemini'nin custom element'leri (message-content, model-response), Claude'un ProseMirror yapısı, DeepSeek, Grok, Copilot, Perplexity, Mistral, Meta AI hepsi tanımlı\nbackground.js: 9 sitenin hepsi tab tespitinde\npopup: Sekme listesinde site isimleri görünür: [ChatGPT], [Gemini], [Claude] vs.\nTEST\n\nYenile butonuna bastıktan sonra:\n\nTüm açık AI sekmelerini kapat\nTek tek aç: ChatGPT, Gemini, Claude\nHer birinde bir soru sor\nTerminale bak → her siteden 📨 YENİ VERİ GELDİ geldi mi?\n\nGelmeyen site varsa, o sitenin konsolunda (Ctrl+Shift+J → filtre: PASEON) logları bana at.",
    "charCount": 1195,
    "totalElements": 82,
    "captureMode": "auto",
    "elementInfo": {
      "tagName": "DIV",
      "className": "standard-markdown grid-cols-1 grid [&_>_*]:min-w-0 gap-3 standard-markdown"
    }
  },
  {
    "receivedAt": "2026-02-07T22:43:07.649Z",
    "timestamp": "2026-02-07T22:43:07.617Z",
    "source": "claude",
    "url": "https://claude.ai/chat/db05dd2a-c52e-4b01-a83b-e20ac07d8390",
    "responseText": "5 dosyanın hepsi yeniden yazıldı. Yapman gereken:\n\nKURULUM\n5 dosyayı indir (manifest.json, content.js, background.js, popup.html, popup.js)\nChromeOS Dosyalar → Linux dosyaları → paseon → extension klasörüne git\nİçindeki eski 5 dosyayı sil\nYeni indirdiğin 5 dosyayı oraya sürükle-bırak\nChrome'da chrome://extensions → Paseon'da 🔄 yenile butonuna bas\nChrome senden yeni site izinleri isteyecek — hepsine izin ver\nv0.3'TE NE DEĞİŞTİ\nmanifest.json: 10 domain eklendi (9 AI + localhost). Gemini ve Claude artık content_scripts matches'a dahil — bu yüzden çalışmıyorlardı\ncontent.js: 9 AI sitesi için ayrı ayrı seçici haritaları. Gemini'nin custom element'leri (message-content, model-response), Claude'un ProseMirror yapısı, DeepSeek, Grok, Copilot, Perplexity, Mistral, Meta AI hepsi tanımlı\nbackground.js: 9 sitenin hepsi tab tespitinde\npopup: Sekme listesinde site isimleri görünür: [ChatGPT], [Gemini], [Claude] vs.\nTEST\n\nYenile butonuna bastıktan sonra:\n\nTüm açık AI sekmelerini kapat\nTek tek aç: ChatGPT, Gemini, Claude\nHer birinde bir soru sor\nTerminale bak → her siteden 📨 YENİ VERİ GELDİ geldi mi?\n\nGelmeyen site varsa, o sitenin konsolunda (Ctrl+Shift+J → filtre: PASEON) logları bana at.",
    "charCount": 1195,
    "totalElements": 82,
    "captureMode": "auto",
    "elementInfo": {
      "tagName": "DIV",
      "className": "standard-markdown grid-cols-1 grid [&_>_*]:min-w-0 gap-3 standard-markdown"
    }
  },
  {
    "receivedAt": "2026-02-07T22:43:33.881Z",
    "timestamp": "2026-02-07T22:43:33.610Z",
    "source": "gemini",
    "url": "https://gemini.google.com/app/a42af9d07e2d3e73?is_sa=1&is_sa=1&android-min-version=301356232&ios-min-version=322.0&campaign_id=bkws&utm_source=sem&utm_medium=paid-media&utm_campaign=bkws&pt=9008&mt=8&ct=p-growth-sem-bkws&gclsrc=aw.ds&gad_source=1&gad_campaignid=20108148196&gbraid=0AAAAApk5BhlDZCm1YFrr4YZGPN0GHZN9t&gclid=Cj0KCQiA4pvMBhDYARIsAGfgwvwZ-Mmsooy0jKXbyB7rqHzGAX836JORsMhBCJ9FkRKOZKNqGldmP6IaAjReEALw_wcB",
    "responseText": "This is a comprehensive list of the major players in the current AI landscape. Each of these models and platforms has carved out a specific niche, depending on whether you are looking for coding assistance, creative writing, real-time research, or raw reasoning power.\n\nHere is a quick breakdown of how these platforms generally compare:\n\nThe Industry Titans\n\nChatGPT (OpenAI): The most versatile \"all-rounder.\" Excellent for creative tasks, complex reasoning (with the o1 series), and a highly polished mobile experience.\n\nGemini (Google): Deeply integrated with the Google ecosystem (Docs, Gmail, Drive). It features a massive \"context window,\" allowing you to upload entire books or long videos for analysis.\n\nClaude (Anthropic): Widely regarded for its \"human-like\" writing style and exceptional coding capabilities. It tends to be more cautious and follows complex instructions very well.\n\nSearch & Research\n\nPerplexity AI: Operates more like a conversational search engine. It provides real-time citations and is designed to replace traditional web browsing for factual queries.\n\nCopilot (Microsoft): Built into Windows and Office 365. It uses OpenAI’s tech but is tailored for productivity within the Microsoft environment.\n\nSpecialized & Open Source Roots\n\nDeepSeek: A rising star known for high performance in math and coding, often at a lower cost or higher efficiency than Western counterparts.\n\nMistral AI: A European favorite that focuses on efficiency and \"open-weight\" models, allowing developers to run powerful AI on their own hardware.\n\nMeta AI: Integrated directly into Instagram, WhatsApp, and Facebook, powered by the Llama series of models.\n\nGrok (xAI):",
    "charCount": 1675,
    "totalElements": 6,
    "captureMode": "auto",
    "elementInfo": {
      "tagName": "DIV",
      "className": "response-container ng-tns-c1814566128-14 response-container-with-gpi"
    }
  },
  {
    "receivedAt": "2026-02-07T22:43:43.126Z",
    "timestamp": "2026-02-07T22:43:43.104Z",
    "source": "gemini",
    "url": "https://gemini.google.com/app/a42af9d07e2d3e73?is_sa=1&is_sa=1&android-min-version=301356232&ios-min-version=322.0&campaign_id=bkws&utm_source=sem&utm_medium=paid-media&utm_campaign=bkws&pt=9008&mt=8&ct=p-growth-sem-bkws&gclsrc=aw.ds&gad_source=1&gad_campaignid=20108148196&gbraid=0AAAAApk5BhlDZCm1YFrr4YZGPN0GHZN9t&gclid=Cj0KCQiA4pvMBhDYARIsAGfgwvwZ-Mmsooy0jKXbyB7rqHzGAX836JORsMhBCJ9FkRKOZKNqGldmP6IaAjReEALw_wcB",
    "responseText": "This is a comprehensive list of the major players in the current AI landscape. Each of these models and platforms has carved out a specific niche, depending on whether you are looking for coding assistance, creative writing, real-time research, or raw reasoning power.\n\nHere is a quick breakdown of how these platforms generally compare:\n\nThe Industry Titans\n\nChatGPT (OpenAI): The most versatile \"all-rounder.\" Excellent for creative tasks, complex reasoning (with the o1 series), and a highly polished mobile experience.\n\nGemini (Google): Deeply integrated with the Google ecosystem (Docs, Gmail, Drive). It features a massive \"context window,\" allowing you to upload entire books or long videos for analysis.\n\nClaude (Anthropic): Widely regarded for its \"human-like\" writing style and exceptional coding capabilities. It tends to be more cautious and follows complex instructions very well.\n\nSearch & Research\n\nPerplexity AI: Operates more like a conversational search engine. It provides real-time citations and is designed to replace traditional web browsing for factual queries.\n\nCopilot (Microsoft): Built into Windows and Office 365. It uses OpenAI’s tech but is tailored for productivity within the Microsoft environment.\n\nSpecialized & Open Source Roots\n\nDeepSeek: A rising star known for high performance in math and coding, often at a lower cost or higher efficiency than Western counterparts.\n\nMistral AI: A European favorite that focuses on efficiency and \"open-weight\" models, allowing developers to run powerful AI on their own hardware.\n\nMeta AI: Integrated directly into Instagram, WhatsApp, and Facebook, powered by the Llama series of models.\n\nGrok (xAI): Integrated with X (formerly Twitter), designed to have a more \"edgy\" personality and access to real-time social media trends.\n\nWould you like me to compare two of these specifically on a certain task, like coding or creative writing?",
    "charCount": 1909,
    "totalElements": 6,
    "captureMode": "auto",
    "elementInfo": {
      "tagName": "DIV",
      "className": "response-container ng-tns-c1814566128-14 response-container-with-gpi response-container-has-multiple-responses"
    }
  },
  {
    "receivedAt": "2026-02-07T22:44:00.794Z",
    "timestamp": "2026-02-07T22:44:00.776Z",
    "source": "grok",
    "url": "https://grok.com/c/8e40bc50-c271-4e38-9ed0-fc84d4bd3b79?rid=8f6cebd2-2daa-4bf2-951b-8d1d66c98336",
    "responseText": "d? 😏\n\nwhat's the vibe knight, hit me with the real question or we just vibing with single letters today",
    "allResponses": [
      "d? 😏\n\nwhat's the vibe knight, hit me with the real question or we just vibing with single letters today",
      "d? 😏\n\nwhat's the vibe knight, hit me with the real question or we just vibing with single letters today"
    ],
    "charCount": 104,
    "totalElements": 2,
    "captureMode": "manual"
  },
  {
    "receivedAt": "2026-02-07T22:44:04.644Z",
    "timestamp": "2026-02-07T22:44:04.614Z",
    "source": "claude",
    "url": "https://claude.ai/chat/db05dd2a-c52e-4b01-a83b-e20ac07d8390",
    "responseText": "5 dosyanın hepsi yeniden yazıldı. Yapman gereken:\n\nKURULUM\n5 dosyayı indir (manifest.json, content.js, background.js, popup.html, popup.js)\nChromeOS Dosyalar → Linux dosyaları → paseon → extension klasörüne git\nİçindeki eski 5 dosyayı sil\nYeni indirdiğin 5 dosyayı oraya sürükle-bırak\nChrome'da chrome://extensions → Paseon'da 🔄 yenile butonuna bas\nChrome senden yeni site izinleri isteyecek — hepsine izin ver\nv0.3'TE NE DEĞİŞTİ\nmanifest.json: 10 domain eklendi (9 AI + localhost). Gemini ve Claude artık content_scripts matches'a dahil — bu yüzden çalışmıyorlardı\ncontent.js: 9 AI sitesi için ayrı ayrı seçici haritaları. Gemini'nin custom element'leri (message-content, model-response), Claude'un ProseMirror yapısı, DeepSeek, Grok, Copilot, Perplexity, Mistral, Meta AI hepsi tanımlı\nbackground.js: 9 sitenin hepsi tab tespitinde\npopup: Sekme listesinde site isimleri görünür: [ChatGPT], [Gemini], [Claude] vs.\nTEST\n\nYenile butonuna bastıktan sonra:\n\nTüm açık AI sekmelerini kapat\nTek tek aç: ChatGPT, Gemini, Claude\nHer birinde bir soru sor\nTerminale bak → her siteden 📨 YENİ VERİ GELDİ geldi mi?\n\nGelmeyen site varsa, o sitenin konsolunda (Ctrl+Shift+J → filtre: PASEON) logları bana at.",
    "charCount": 1195,
    "totalElements": 82,
    "captureMode": "auto",
    "elementInfo": {
      "tagName": "DIV",
      "className": "standard-markdown grid-cols-1 grid [&_>_*]:min-w-0 gap-3 standard-markdown"
    }
  },
  {
    "receivedAt": "2026-02-07T22:44:21.155Z",
    "timestamp": "2026-02-07T22:44:21.139Z",
    "source": "grok",
    "url": "https://grok.com/c/8e40bc50-c271-4e38-9ed0-fc84d4bd3b79?rid=8f6cebd2-2daa-4bf2-951b-8d1d66c98336",
    "responseText": "d? 😏\n\nwhat's the vibe knight, hit me with the real question or we just vibing with single letters today",
    "allResponses": [
      "d? 😏\n\nwhat's the vibe knight, hit me with the real question or we just vibing with single letters today",
      "d? 😏\n\nwhat's the vibe knight, hit me with the real question or we just vibing with single letters today"
    ],
    "charCount": 104,
    "totalElements": 2,
    "captureMode": "manual"
  },
  {
    "receivedAt": "2026-02-07T22:44:29.707Z",
    "timestamp": "2026-02-07T22:44:29.607Z",
    "source": "gemini",
    "url": "https://gemini.google.com/app/a42af9d07e2d3e73?is_sa=1&is_sa=1&android-min-version=301356232&ios-min-version=322.0&campaign_id=bkws&utm_source=sem&utm_medium=paid-media&utm_campaign=bkws&pt=9008&mt=8&ct=p-growth-sem-bkws&gclsrc=aw.ds&gad_source=1&gad_campaignid=20108148196&gbraid=0AAAAApk5BhlDZCm1YFrr4YZGPN0GHZN9t&gclid=Cj0KCQiA4pvMBhDYARIsAGfgwvwZ-Mmsooy0jKXbyB7rqHzGAX836JORsMhBCJ9FkRKOZKNqGldmP6IaAjReEALw_wcB",
    "responseText": "This is a comprehensive list of the major players in the current AI landscape. Each of these models and platforms has carved out a specific niche, depending on whether you are looking for coding assistance, creative writing, real-time research, or raw reasoning power.\n\nHere is a quick breakdown of how these platforms generally compare:\n\nThe Industry Titans\n\nChatGPT (OpenAI): The most versatile \"all-rounder.\" Excellent for creative tasks, complex reasoning (with the o1 series), and a highly polished mobile experience.\n\nGemini (Google): Deeply integrated with the Google ecosystem (Docs, Gmail, Drive). It features a massive \"context window,\" allowing you to upload entire books or long videos for analysis.\n\nClaude (Anthropic): Widely regarded for its \"human-like\" writing style and exceptional coding capabilities. It tends to be more cautious and follows complex instructions very well.\n\nSearch & Research\n\nPerplexity AI: Operates more like a conversational search engine. It provides real-time citations and is designed to replace traditional web browsing for factual queries.\n\nCopilot (Microsoft): Built into Windows and Office 365. It uses OpenAI’s tech but is tailored for productivity within the Microsoft environment.\n\nSpecialized & Open Source Roots\n\nDeepSeek: A rising star known for high performance in math and coding, often at a lower cost or higher efficiency than Western counterparts.\n\nMistral AI: A European favorite that focuses on efficiency and \"open-weight\" models, allowing developers to run powerful AI on their own hardware.\n\nMeta AI: Integrated directly into Instagram, WhatsApp, and Facebook, powered by the Llama series of models.\n\nGrok (xAI): Integrated with X (formerly Twitter), designed to have a more \"edgy\" personality and access to real-time social media trends.\n\nWould you like me to compare two of these specifically on a certain task, like coding or creative writing?",
    "charCount": 1909,
    "totalElements": 6,
    "captureMode": "auto",
    "elementInfo": {
      "tagName": "DIV",
      "className": "response-container ng-tns-c1814566128-14 response-container-with-gpi response-container-has-multiple-responses is-mobile"
    }
  },
  {
    "receivedAt": "2026-02-07T22:44:42.241Z",
    "timestamp": "2026-02-07T22:44:42.223Z",
    "source": "deepseek",
    "url": "https://chat.deepseek.com/a/chat/s/26dbf002-98dc-485c-bb98-d0bb0f86b85e",
    "responseText": "你好！我是DeepSeek，很高兴认识你！😊\n\n看起来你发送了一个简单的“s”，我猜可能是误触或者测试消息？不过没关系，我很开心能和你交流！\n\n如果你有任何问题、需要帮助，或者只是想聊聊天，我都在这里准备为你服务。无论是学习、工作、生活方面的疑问，还是想探讨有趣的话题，我都很乐意帮助你。\n\n有什么我可以为你做的吗？✨",
    "allResponses": [
      "你好！我是DeepSeek，很高兴认识你！😊\n\n看起来你发送了一个简单的“s”，我猜可能是误触或者测试消息？不过没关系，我很开心能和你交流！\n\n如果你有任何问题、需要帮助，或者只是想聊聊天，我都在这里准备为你服务。无论是学习、工作、生活方面的疑问，还是想探讨有趣的话题，我都很乐意帮助你。\n\n有什么我可以为你做的吗？✨"
    ],
    "charCount": 160,
    "totalElements": 1,
    "captureMode": "manual"
  },
  {
    "receivedAt": "2026-02-07T22:44:44.120Z",
    "timestamp": "2026-02-07T22:44:44.112Z",
    "source": "deepseek",
    "url": "https://chat.deepseek.com/a/chat/s/26dbf002-98dc-485c-bb98-d0bb0f86b85e",
    "responseText": "你好！我是DeepSeek，很高兴认识你！😊\n\n看起来你发送了一个简单的“s”，我猜可能是误触或者测试消息？不过没关系，我很开心能和你交流！\n\n如果你有任何问题、需要帮助，或者只是想聊聊天，我都在这里准备为你服务。无论是学习、工作、生活方面的疑问，还是想探讨有趣的话题，我都很乐意帮助你。\n\n有什么我可以为你做的吗？✨",
    "charCount": 160,
    "totalElements": 1,
    "captureMode": "auto",
    "elementInfo": {
      "tagName": "DIV",
      "className": "ds-markdown"
    }
  },
  {
    "receivedAt": "2026-02-07T22:44:45.756Z",
    "timestamp": "2026-02-07T22:44:45.637Z",
    "source": "claude",
    "url": "https://claude.ai/chat/db05dd2a-c52e-4b01-a83b-e20ac07d8390",
    "responseText": "5 dosyanın hepsi yeniden yazıldı. Yapman gereken:\n\nKURULUM\n5 dosyayı indir (manifest.json, content.js, background.js, popup.html, popup.js)\nChromeOS Dosyalar → Linux dosyaları → paseon → extension klasörüne git\nİçindeki eski 5 dosyayı sil\nYeni indirdiğin 5 dosyayı oraya sürükle-bırak\nChrome'da chrome://extensions → Paseon'da 🔄 yenile butonuna bas\nChrome senden yeni site izinleri isteyecek — hepsine izin ver\nv0.3'TE NE DEĞİŞTİ\nmanifest.json: 10 domain eklendi (9 AI + localhost). Gemini ve Claude artık content_scripts matches'a dahil — bu yüzden çalışmıyorlardı\ncontent.js: 9 AI sitesi için ayrı ayrı seçici haritaları. Gemini'nin custom element'leri (message-content, model-response), Claude'un ProseMirror yapısı, DeepSeek, Grok, Copilot, Perplexity, Mistral, Meta AI hepsi tanımlı\nbackground.js: 9 sitenin hepsi tab tespitinde\npopup: Sekme listesinde site isimleri görünür: [ChatGPT], [Gemini], [Claude] vs.\nTEST\n\nYenile butonuna bastıktan sonra:\n\nTüm açık AI sekmelerini kapat\nTek tek aç: ChatGPT, Gemini, Claude\nHer birinde bir soru sor\nTerminale bak → her siteden 📨 YENİ VERİ GELDİ geldi mi?\n\nGelmeyen site varsa, o sitenin konsolunda (Ctrl+Shift+J → filtre: PASEON) logları bana at.",
    "charCount": 1195,
    "totalElements": 82,
    "captureMode": "auto",
    "elementInfo": {
      "tagName": "DIV",
      "className": "standard-markdown grid-cols-1 grid [&_>_*]:min-w-0 gap-3 standard-markdown"
    }
  },
  {
    "receivedAt": "2026-02-07T22:44:53.648Z",
    "timestamp": "2026-02-07T22:44:53.627Z",
    "source": "gemini",
    "url": "https://gemini.google.com/app/a42af9d07e2d3e73?is_sa=1&is_sa=1&android-min-version=301356232&ios-min-version=322.0&campaign_id=bkws&utm_source=sem&utm_medium=paid-media&utm_campaign=bkws&pt=9008&mt=8&ct=p-growth-sem-bkws&gclsrc=aw.ds&gad_source=1&gad_campaignid=20108148196&gbraid=0AAAAApk5BhlDZCm1YFrr4YZGPN0GHZN9t&gclid=Cj0KCQiA4pvMBhDYARIsAGfgwvwZ-Mmsooy0jKXbyB7rqHzGAX836JORsMhBCJ9FkRKOZKNqGldmP6IaAjReEALw_wcB",
    "responseText": "This is a comprehensive list of the major players in the current AI landscape. Each of these models and platforms has carved out a specific niche, depending on whether you are looking for coding assistance, creative writing, real-time research, or raw reasoning power.\n\nHere is a quick breakdown of how these platforms generally compare:\n\nThe Industry Titans\n\nChatGPT (OpenAI): The most versatile \"all-rounder.\" Excellent for creative tasks, complex reasoning (with the o1 series), and a highly polished mobile experience.\n\nGemini (Google): Deeply integrated with the Google ecosystem (Docs, Gmail, Drive). It features a massive \"context window,\" allowing you to upload entire books or long videos for analysis.\n\nClaude (Anthropic): Widely regarded for its \"human-like\" writing style and exceptional coding capabilities. It tends to be more cautious and follows complex instructions very well.\n\nSearch & Research\n\nPerplexity AI: Operates more like a conversational search engine. It provides real-time citations and is designed to replace traditional web browsing for factual queries.\n\nCopilot (Microsoft): Built into Windows and Office 365. It uses OpenAI’s tech but is tailored for productivity within the Microsoft environment.\n\nSpecialized & Open Source Roots\n\nDeepSeek: A rising star known for high performance in math and coding, often at a lower cost or higher efficiency than Western counterparts.\n\nMistral AI: A European favorite that focuses on efficiency and \"open-weight\" models, allowing developers to run powerful AI on their own hardware.\n\nMeta AI: Integrated directly into Instagram, WhatsApp, and Facebook, powered by the Llama series of models.\n\nGrok (xAI): Integrated with X (formerly Twitter), designed to have a more \"edgy\" personality and access to real-time social media trends.\n\nWould you like me to compare two of these specifically on a certain task, like coding or creative writing?",
    "charCount": 1909,
    "totalElements": 6,
    "captureMode": "auto",
    "elementInfo": {
      "tagName": "DIV",
      "className": "response-container ng-tns-c1814566128-14 response-container-with-gpi response-container-has-multiple-responses is-mobile"
    }
  },
  {
    "receivedAt": "2026-02-07T22:45:01.756Z",
    "timestamp": "2026-02-07T22:45:01.748Z",
    "source": "metaai",
    "url": "https://www.meta.ai/prompt/c005bd29-f9dc-4afd-a8db-2617ff39190c",
    "responseText": "Hey there! What's up? How can I help you today?",
    "allResponses": [
      "Hey there! What's up? How can I help you today?",
      "Hey there! What's up? How can I help you today?",
      "Hey there! What's up? How can I help you today?"
    ],
    "charCount": 47,
    "totalElements": 3,
    "captureMode": "manual"
  },
  {
    "receivedAt": "2026-02-07T22:45:01.998Z",
    "timestamp": "2026-02-07T22:45:01.985Z",
    "source": "metaai",
    "url": "https://www.meta.ai/prompt/c005bd29-f9dc-4afd-a8db-2617ff39190c",
    "responseText": "Hey there! What's up? How can I help you today?",
    "charCount": 47,
    "totalElements": 4,
    "captureMode": "auto",
    "elementInfo": {
      "tagName": "DIV",
      "className": "markdown-content min-w-0"
    }
  },
  {
    "receivedAt": "2026-02-07T22:45:22.281Z",
    "timestamp": "2026-02-07T22:45:22.254Z",
    "source": "claude",
    "url": "https://claude.ai/chat/db05dd2a-c52e-4b01-a83b-e20ac07d8390",
    "responseText": "5 dosyanın hepsi yeniden yazıldı. Yapman gereken:\n\nKURULUM\n5 dosyayı indir (manifest.json, content.js, background.js, popup.html, popup.js)\nChromeOS Dosyalar → Linux dosyaları → paseon → extension klasörüne git\nİçindeki eski 5 dosyayı sil\nYeni indirdiğin 5 dosyayı oraya sürükle-bırak\nChrome'da chrome://extensions → Paseon'da 🔄 yenile butonuna bas\nChrome senden yeni site izinleri isteyecek — hepsine izin ver\nv0.3'TE NE DEĞİŞTİ\nmanifest.json: 10 domain eklendi (9 AI + localhost). Gemini ve Claude artık content_scripts matches'a dahil — bu yüzden çalışmıyorlardı\ncontent.js: 9 AI sitesi için ayrı ayrı seçici haritaları. Gemini'nin custom element'leri (message-content, model-response), Claude'un ProseMirror yapısı, DeepSeek, Grok, Copilot, Perplexity, Mistral, Meta AI hepsi tanımlı\nbackground.js: 9 sitenin hepsi tab tespitinde\npopup: Sekme listesinde site isimleri görünür: [ChatGPT], [Gemini], [Claude] vs.\nTEST\n\nYenile butonuna bastıktan sonra:\n\nTüm açık AI sekmelerini kapat\nTek tek aç: ChatGPT, Gemini, Claude\nHer birinde bir soru sor\nTerminale bak → her siteden 📨 YENİ VERİ GELDİ geldi mi?\n\nGelmeyen site varsa, o sitenin konsolunda (Ctrl+Shift+J → filtre: PASEON) logları bana at.",
    "charCount": 1195,
    "totalElements": 82,
    "captureMode": "auto",
    "elementInfo": {
      "tagName": "DIV",
      "className": "standard-markdown grid-cols-1 grid [&_>_*]:min-w-0 gap-3 standard-markdown"
    }
  },
  {
    "receivedAt": "2026-02-07T22:45:46.438Z",
    "timestamp": "2026-02-07T22:45:46.408Z",
    "source": "copilot",
    "url": "https://copilot.microsoft.com/chats/jVB87nBbFppYbaHjCtAy6",
    "responseText": "Copilot şunu dedi:\n\nStill keeping it mysterious today, Ahmet. A single s can mean a lot depending on the mood — a warm‑up, a tease, a signal, or just a stray keystroke.\n\nIf you want, we can turn that lone letter into something fun: a story seed, a puzzle, a character name, even a whole vibe. Or we can pivot somewhere completely different. Your move.\n\nBir sayfada düzenle",
    "allResponses": [
      "Still keeping it mysterious today, Ahmet. A single s can mean a lot depending on the mood — a warm‑up, a tease, a signal, or just a stray keystroke.\n\nIf you want, we can turn that lone letter into something fun: a story seed, a puzzle, a character name, even a whole vibe. Or we can pivot somewhere completely different. Your move.",
      "Copilot şunu dedi:\n\nStill keeping it mysterious today, Ahmet. A single s can mean a lot depending on the mood — a warm‑up, a tease, a signal, or just a stray keystroke.\n\nIf you want, we can turn that lone letter into something fun: a story seed, a puzzle, a character name, even a whole vibe. Or we can pivot somewhere completely different. Your move.\n\nBir sayfada düzenle"
    ],
    "charCount": 372,
    "totalElements": 2,
    "captureMode": "manual"
  },
  {
    "receivedAt": "2026-02-07T22:45:46.797Z",
    "timestamp": "2026-02-07T22:45:46.784Z",
    "source": "copilot",
    "url": "https://copilot.microsoft.com/chats/jVB87nBbFppYbaHjCtAy6",
    "responseText": "Copilot şunu dedi:\n\nStill keeping it mysterious today, Ahmet. A single s can mean a lot depending on the mood — a warm‑up, a tease, a signal, or just a stray keystroke.\n\nIf you want, we can turn that lone letter into something fun: a story seed, a puzzle, a character name, even a whole vibe. Or we can pivot somewhere completely different. Your move.\n\nBir sayfada düzenle",
    "charCount": 372,
    "totalElements": 3,
    "captureMode": "auto",
    "elementInfo": {
      "tagName": "DIV",
      "className": "group/ai-message"
    }
  },
  {
    "receivedAt": "2026-02-07T22:46:16.643Z",
    "timestamp": "2026-02-07T22:46:16.619Z",
    "source": "claude",
    "url": "https://claude.ai/chat/db05dd2a-c52e-4b01-a83b-e20ac07d8390",
    "responseText": "5 dosyanın hepsi yeniden yazıldı. Yapman gereken:\n\nKURULUM\n5 dosyayı indir (manifest.json, content.js, background.js, popup.html, popup.js)\nChromeOS Dosyalar → Linux dosyaları → paseon → extension klasörüne git\nİçindeki eski 5 dosyayı sil\nYeni indirdiğin 5 dosyayı oraya sürükle-bırak\nChrome'da chrome://extensions → Paseon'da 🔄 yenile butonuna bas\nChrome senden yeni site izinleri isteyecek — hepsine izin ver\nv0.3'TE NE DEĞİŞTİ\nmanifest.json: 10 domain eklendi (9 AI + localhost). Gemini ve Claude artık content_scripts matches'a dahil — bu yüzden çalışmıyorlardı\ncontent.js: 9 AI sitesi için ayrı ayrı seçici haritaları. Gemini'nin custom element'leri (message-content, model-response), Claude'un ProseMirror yapısı, DeepSeek, Grok, Copilot, Perplexity, Mistral, Meta AI hepsi tanımlı\nbackground.js: 9 sitenin hepsi tab tespitinde\npopup: Sekme listesinde site isimleri görünür: [ChatGPT], [Gemini], [Claude] vs.\nTEST\n\nYenile butonuna bastıktan sonra:\n\nTüm açık AI sekmelerini kapat\nTek tek aç: ChatGPT, Gemini, Claude\nHer birinde bir soru sor\nTerminale bak → her siteden 📨 YENİ VERİ GELDİ geldi mi?\n\nGelmeyen site varsa, o sitenin konsolunda (Ctrl+Shift+J → filtre: PASEON) logları bana at.",
    "charCount": 1195,
    "totalElements": 82,
    "captureMode": "auto",
    "elementInfo": {
      "tagName": "DIV",
      "className": "standard-markdown grid-cols-1 grid [&_>_*]:min-w-0 gap-3 standard-markdown"
    }
  },
  {
    "receivedAt": "2026-02-07T22:46:36.094Z",
    "timestamp": "2026-02-07T22:46:36.080Z",
    "source": "perplexity",
    "url": "https://www.perplexity.ai/search/w-pKENKuHeQYySfdRwPF1h5Q",
    "responseText": "“W” by itself is common internet slang for “win” or something good, like saying “dub” or “W move.” It can also very informally mean “with” in phrases like “going w friends,” depending on context.",
    "charCount": 195,
    "totalElements": 1,
    "captureMode": "auto",
    "elementInfo": {
      "tagName": "DIV",
      "className": "prose dark:prose-invert inline leading-relaxed break-words min-w-0 [word-break:break-word] prose-strong:font-medium visR"
    }
  },
  {
    "receivedAt": "2026-02-07T22:46:36.661Z",
    "timestamp": "2026-02-07T22:46:36.653Z",
    "source": "perplexity",
    "url": "https://www.perplexity.ai/search/w-pKENKuHeQYySfdRwPF1h5Q",
    "responseText": "“W” by itself is common internet slang for “win” or something good, like saying “dub” or “W move.” It can also very informally mean “with” in phrases like “going w friends,” depending on context.",
    "allResponses": [
      "“W” by itself is common internet slang for “win” or something good, like saying “dub” or “W move.” It can also very informally mean “with” in phrases like “going w friends,” depending on context."
    ],
    "charCount": 195,
    "totalElements": 1,
    "captureMode": "manual"
  },
  {
    "receivedAt": "2026-02-07T22:46:57.975Z",
    "timestamp": "2026-02-07T22:46:57.966Z",
    "source": "mistral",
    "url": "https://chat.mistral.ai/chat/ce5ee607-606b-4681-9e9a-49bb9317ced4",
    "responseText": "Hello Ahmet! How can I assist you today?",
    "allResponses": [
      "Hello Ahmet! How can I assist you today?"
    ],
    "charCount": 40,
    "totalElements": 1,
    "captureMode": "manual"
  },
  {
    "receivedAt": "2026-02-07T22:46:58.667Z",
    "timestamp": "2026-02-07T22:46:58.657Z",
    "source": "mistral",
    "url": "https://chat.mistral.ai/chat/ce5ee607-606b-4681-9e9a-49bb9317ced4",
    "responseText": "Hello Ahmet! How can I assist you today?",
    "charCount": 40,
    "totalElements": 1,
    "captureMode": "auto",
    "elementInfo": {
      "tagName": "DIV",
      "className": "markdown-container-style max-w-none gap-1 overflow-x-visible py-0.5 pb-4 font-normal text-wrap break-words select-text"
    }
  },
  {
    "receivedAt": "2026-02-07T22:47:01.752Z",
    "timestamp": "2026-02-07T22:47:01.712Z",
    "source": "claude",
    "url": "https://claude.ai/chat/db05dd2a-c52e-4b01-a83b-e20ac07d8390",
    "responseText": "5 dosyanın hepsi yeniden yazıldı. Yapman gereken:\n\nKURULUM\n5 dosyayı indir (manifest.json, content.js, background.js, popup.html, popup.js)\nChromeOS Dosyalar → Linux dosyaları → paseon → extension klasörüne git\nİçindeki eski 5 dosyayı sil\nYeni indirdiğin 5 dosyayı oraya sürükle-bırak\nChrome'da chrome://extensions → Paseon'da 🔄 yenile butonuna bas\nChrome senden yeni site izinleri isteyecek — hepsine izin ver\nv0.3'TE NE DEĞİŞTİ\nmanifest.json: 10 domain eklendi (9 AI + localhost). Gemini ve Claude artık content_scripts matches'a dahil — bu yüzden çalışmıyorlardı\ncontent.js: 9 AI sitesi için ayrı ayrı seçici haritaları. Gemini'nin custom element'leri (message-content, model-response), Claude'un ProseMirror yapısı, DeepSeek, Grok, Copilot, Perplexity, Mistral, Meta AI hepsi tanımlı\nbackground.js: 9 sitenin hepsi tab tespitinde\npopup: Sekme listesinde site isimleri görünür: [ChatGPT], [Gemini], [Claude] vs.\nTEST\n\nYenile butonuna bastıktan sonra:\n\nTüm açık AI sekmelerini kapat\nTek tek aç: ChatGPT, Gemini, Claude\nHer birinde bir soru sor\nTerminale bak → her siteden 📨 YENİ VERİ GELDİ geldi mi?\n\nGelmeyen site varsa, o sitenin konsolunda (Ctrl+Shift+J → filtre: PASEON) logları bana at.",
    "charCount": 1195,
    "totalElements": 82,
    "captureMode": "auto",
    "elementInfo": {
      "tagName": "DIV",
      "className": "standard-markdown grid-cols-1 grid [&_>_*]:min-w-0 gap-3 standard-markdown"
    }
  }
]